# sempreiot-board, 8 MB — docs/ota/ota-and-production-blueprint-v1.md §1.2
# Name,        Type, SubType,  Offset,   Size
nvs,           data, nvs,      0x9000,   0x6000
otadata,       data, ota,      0xF000,   0x2000
phy_init,      data, phy,      0x11000,  0x1000
ota_0,         app,  ota_0,    0x20000,  0x260000
ota_1,         app,  ota_1,    0x280000, 0x260000
fw_store,      data, fat,      0x4E0000, 0x300000
nvs_factory,   data, nvs,      0x7E0000, 0x8000
coredump,      data, coredump, 0x7E8000, 0x10000
