# sempreiot-board on a 4 MB module — BENCH ONLY (round-1 devkits; the product
# board is 8 MB, docs/ota/ota-and-production-blueprint-v1.md §1.2). Same layout
# as the node table: no fw_store, so this board can never serve node OTA.
# Selected by sdkconfig.4mb.
# Name,        Type, SubType,  Offset,   Size
nvs,           data, nvs,      0x9000,   0x6000
otadata,       data, ota,      0xF000,   0x2000
phy_init,      data, phy,      0x11000,  0x1000
ota_0,         app,  ota_0,    0x20000,  0x1E0000
ota_1,         app,  ota_1,    0x200000, 0x1E0000
nvs_factory,   data, nvs,      0x3E0000, 0x8000
coredump,      data, coredump, 0x3E8000, 0x10000
